workout_type,session_duration (hours),calories_burned,workout_frequency (days/week),experience_level
Strength,1.12,712.0,5.0,2.0
Strength,1.0,833.0,5.0,2.0
Cardio,1.24,1678.0,3.0,2.0
Cardio,1.45,628.0,4.0,1.0
Strength,1.6,1286.0,4.0,2.0
HIIT,1.62,953.0,2.0,2.0
Cardio,1.46,1238.0,2.0,2.0
Strength,1.63,829.0,4.0,2.0
HIIT,0.77,802.0,3.0,1.0
Yoga,2.0,1231.0,5.0,2.0
Yoga,1.89,747.0,3.0,3.0
,2.0,672.0,2.0,2.0
Strength,1.61,1705.0,3.0,2.0
HIIT,0.65,1564.0,2.0,3.0
Cardio,1.15,464.0,4.0,2.0
Yoga,1.03,1410.0,4.0,2.0
HIIT,1.45,1195.0,4.0,1.0
Cardio,0.69,871.0,5.0,1.0
Yoga,1.5,853.0,3.0,1.0
Cardio,1.3,1136.0,3.0,2.0
Yoga,1.27,931.0,5.0,1.0
HIIT,1.44,453.0,4.0,3.0
Yoga,1.38,1708.0,,1.0
Strength,,772.0,5.0,1.0
Strength,1.15,888.0,4.0,2.0
Yoga,1.94,758.0,3.0,1.0
HIIT,1.56,1044.0,2.0,2.0
Cardio,1.51,1266.0,2.0,
Cardio,1.28,1783.0,2.0,3.0
Yoga,1.4,1090.0,2.0,1.0
Cardio,2.0,861.0,3.0,1.0
Yoga,1.61,938.0,3.0,1.0
Strength,0.7,930.0,4.0,1.0
HIIT,1.28,631.0,4.0,1.0
Strength,1.52,1355.0,4.0,1.0
Cardio,1.2,1258.0,4.0,2.0
Strength,0.92,1211.0,3.0,2.0
Strength,1.56,1152.0,3.0,1.0
Cardio,0.89,1482.0,4.0,2.0
Strength,1.18,851.0,2.0,2.0
Strength,0.92,621.0,3.0,3.0
Yoga,0.74,1464.0,3.0,2.0
Cardio,1.53,1062.0,5.0,3.0
,1.4,1415.0,3.0,1.0
,2.0,736.0,3.0,2.0
Cardio,1.04,338.0,,3.0
Cardio,1.27,980.0,5.0,
HIIT,1.91,632.0,4.0,1.0
Cardio,2.0,1119.0,2.0,3.0
Strength,1.12,867.0,4.0,3.0
Cardio,1.08,771.0,3.0,1.0
Yoga,1.34,1165.0,4.0,1.0
HIIT,1.14,900.0,3.0,
Yoga,1.12,1767.0,2.0,2.0
HIIT,1.3,1519.0,4.0,1.0
Yoga,1.76,954.0,3.0,1.0
Yoga,1.43,876.0,2.0,1.0
Yoga,1.23,695.0,2.0,1.0
Cardio,1.9,566.0,4.0,
Yoga,1.14,1105.0,4.0,1.0
Strength,1.11,582.0,3.0,2.0
Cardio,1.04,1010.0,3.0,3.0
Strength,1.41,969.0,2.0,1.0
\nStrength,0.98,468.0,3.0,3.0
\tCardio,1.98,1306.0,4.0,2.0
Strength,1.92,931.0,4.0,2.0
Strength,0.95,899.0,5.0,1.0
Cardio,1.39,679.0,2.0,3.0
HIIT,0.74,1208.0,3.0,3.0
Strength,1.29,1189.0,,2.0
Cardio,1.16,1203.0,3.0,1.0
HIIT,1.59,744.0,3.0,1.0
\tCardio,1.23,1313.0,3.0,3.0
Cardio,1.16,1020.0,4.0,2.0
Cardio,1.28,1052.0,4.0,2.0
,1.23,1084.0,3.0,2.0
Strength,0.78,583.0,5.0,1.0
Strength,1.91,1145.0,2.0,2.0
,1.07,975.0,4.0,3.0
Yoga,2.0,880.0,2.0,3.0
Strength,2.0,1583.0,4.0,1.0
HIIT,1.62,815.0,3.0,1.0
Cardio,1.54,1726.0,2.0,
HIIT,0.87,1248.0,4.0,3.0
Strength,1.56,840.0,4.0,1.0
Strength,1.23,643.0,3.0,3.0
,1.02,995.0,3.0,
Yoga,1.42,1096.0,3.0,2.0
Yoga,1.03,1238.0,5.0,1.0
HIIT,1.18,1064.0,4.0,1.0
HIIT,1.46,1573.0,4.0,2.0
Yoga,1.5,1692.0,4.0,1.0
Yoga,1.26,1095.0,3.0,3.0
Cardio,1.58,1091.0,4.0,2.0
Cardio,1.47,1349.0,5.0,2.0
\tCardio,2.0,1740.0,4.0,2.0
Strength,1.56,868.0,3.0,2.0
HIIT,1.25,1309.0,4.0,3.0
Strength,1.19,767.0,3.0,3.0
HIIT,1.49,733.0,5.0,3.0
HIIT,2.0,1095.0,5.0,2.0
Strength,1.45,1392.0,2.0,1.0
Cardio,1.27,1237.0,4.0,2.0
Strength,1.37,,3.0,3.0
HIIT,1.19,919.0,4.0,2.0
Cardio,1.47,936.0,4.0,2.0
HIIT,1.3,864.0,4.0,2.0
Cardio,1.37,1066.0,5.0,2.0
Strength,1.35,772.0,4.0,1.0
HIIT,1.9,963.0,5.0,2.0
Yoga,1.2,1429.0,3.0,2.0
Strength,1.38,676.0,3.0,
Strength,1.1,1235.0,3.0,1.0
HIIT,1.44,987.0,3.0,2.0
Strength,1.58,880.0,4.0,1.0
HIIT,1.87,1073.0,5.0,2.0
Yoga,0.58,1218.0,4.0,1.0
Strength,1.58,1493.0,3.0,1.0
HIIT,1.64,1065.0,3.0,1.0
,1.44,419.0,3.0,3.0
HIIT,1.23,780.0,4.0,3.0
Strength,2.0,695.0,4.0,1.0
Cardio,1.01,670.0,3.0,1.0
Yoga,1.47,942.0,4.0,1.0
Yoga,1.1,976.0,2.0,2.0
HIIT,0.88,993.0,5.0,1.0
Cardio,1.35,1307.0,3.0,1.0
HIIT,1.2,611.0,3.0,3.0
Yoga,1.72,753.0,5.0,2.0
Strength,1.38,735.0,3.0,3.0
Yoga,2.0,1449.0,4.0,3.0
Cardio,0.86,1529.0,,1.0
Strength,1.93,1516.0,3.0,2.0
Cardio,0.52,893.0,4.0,1.0
Yoga,1.36,1783.0,3.0,1.0
Strength,1.64,1445.0,4.0,2.0
Yoga,1.37,872.0,5.0,2.0
Yoga,1.19,1265.0,4.0,3.0
Yoga,1.59,1245.0,3.0,2.0
Strength,0.91,1243.0,4.0,2.0
Cardio,1.34,1239.0,3.0,3.0
,1.31,1595.0,4.0,2.0
Yoga,1.64,770.0,4.0,1.0
Yoga,1.59,1031.0,3.0,3.0
HIIT,1.39,1783.0,4.0,1.0
Strength,1.32,949.0,3.0,2.0
HIIT,1.28,943.0,4.0,1.0
Cardio,1.34,1212.0,2.0,1.0
HIIT,1.29,1040.0,3.0,1.0
Yoga,1.77,990.0,4.0,2.0
Strength,1.84,622.0,4.0,2.0
,1.29,765.0,4.0,2.0
Cardio,1.05,1166.0,,1.0
HIIT,1.36,582.0,4.0,1.0
Cardio,1.66,825.0,,1.0
,1.28,1319.0,2.0,2.0
Cardio,0.98,1426.0,2.0,3.0
HIIT,1.04,1461.0,5.0,2.0
Strength,0.91,1176.0,5.0,1.0
HIIT,0.64,1153.0,2.0,3.0
,2.0,1318.0,4.0,2.0
Strength,0.75,793.0,3.0,2.0
Strength,2.0,998.0,,1.0
\tYoga,2.0,1127.0,2.0,1.0
Cardio,2.0,979.0,4.0,1.0
Yoga,1.3,1149.0,3.0,3.0
Yoga,1.49,1094.0,3.0,2.0
Yoga,0.98,470.0,2.0,2.0
Strength,1.82,904.0,4.0,3.0
HIIT,2.0,988.0,4.0,3.0
Yoga,1.63,1134.0,4.0,2.0
Cardio,1.24,1783.0,3.0,2.0
Strength,1.17,782.0,2.0,1.0
Cardio,1.41,1347.0,2.0,2.0
HIIT,,1278.0,4.0,2.0
Strength,1.87,1228.0,2.0,2.0
Cardio,2.0,1468.0,4.0,2.0
,1.46,1741.0,3.0,2.0
Cardio,0.86,659.0,3.0,
Yoga,2.0,1325.0,3.0,3.0
Yoga,1.4,1446.0,3.0,2.0
HIIT,1.3,902.0,3.0,3.0
Yoga,1.23,526.0,,3.0
HIIT,1.04,533.0,5.0,1.0
HIIT,,763.0,3.0,1.0
Cardio,0.76,1382.0,4.0,
Cardio,0.73,830.0,3.0,3.0
Strength,1.02,406.0,3.0,3.0
Yoga,0.5,639.0,2.0,1.0
Cardio,1.54,844.0,4.0,2.0
Strength,2.0,1299.0,3.0,2.0
Cardio,1.39,1710.0,3.0,1.0
HIIT,1.73,1766.0,5.0,1.0
Cardio,1.18,1140.0,4.0,3.0
Strength,1.44,,4.0,1.0
Strength,1.36,1234.0,4.0,3.0
Strength,0.83,1273.0,2.0,2.0
Cardio,1.22,1674.0,3.0,3.0
Cardio,1.09,906.0,3.0,1.0
Cardio,1.26,1783.0,3.0,2.0
HIIT,1.93,1105.0,4.0,1.0
Yoga,1.24,1436.0,4.0,1.0
Yoga,0.66,1104.0,2.0,1.0
HIIT,1.26,790.0,4.0,1.0
Yoga,2.0,1549.0,2.0,1.0
Cardio,1.31,925.0,3.0,3.0
Cardio,2.0,1236.0,3.0,2.0
Yoga,1.85,991.0,3.0,2.0
Strength,2.0,1395.0,5.0,2.0
Cardio,1.03,1155.0,3.0,2.0
Yoga,1.08,1379.0,3.0,2.0
Yoga,1.33,1011.0,5.0,2.0
Yoga,1.04,1783.0,4.0,2.0
Cardio,0.82,797.0,3.0,1.0
Strength,1.82,744.0,3.0,2.0
HIIT,1.41,1414.0,3.0,2.0
Yoga,1.88,1009.0,5.0,1.0
\nStrength,1.89,716.0,2.0,2.0
Cardio,1.99,1298.0,,2.0
HIIT,2.0,775.0,2.0,2.0
Strength,1.13,905.0,4.0,1.0
Cardio,1.17,1783.0,3.0,2.0
Yoga,1.81,1563.0,4.0,2.0
Strength,1.77,848.0,3.0,2.0
Strength,1.18,992.0,5.0,3.0
Strength,0.88,1375.0,5.0,1.0
Yoga,1.2,1091.0,3.0,3.0
Cardio,1.27,1249.0,2.0,1.0
HIIT,1.33,938.0,4.0,2.0
Yoga,1.52,948.0,3.0,
HIIT,1.75,1102.0,3.0,1.0
Yoga,1.69,1146.0,3.0,1.0
,1.16,670.0,4.0,2.0
HIIT,1.18,589.0,3.0,1.0
HIIT,1.09,1093.0,2.0,1.0
Yoga,1.26,735.0,4.0,2.0
Strength,1.3,1067.0,4.0,2.0
Strength,1.35,1259.0,3.0,2.0
Strength,0.74,1207.0,,3.0
Yoga,2.0,950.0,2.0,3.0
HIIT,1.07,978.0,2.0,2.0
Yoga,1.11,712.0,2.0,3.0
Cardio,2.0,686.0,3.0,3.0
Yoga,1.26,986.0,3.0,1.0
Strength,1.93,1042.0,4.0,2.0
HIIT,1.44,543.0,5.0,3.0
Strength,1.5,703.0,4.0,3.0
Strength,2.0,1402.0,4.0,2.0
HIIT,2.0,457.0,3.0,1.0
Yoga,1.28,1044.0,2.0,
Strength,1.65,455.0,3.0,2.0
,1.09,609.0,2.0,3.0
Cardio,1.3,1250.0,5.0,1.0
HIIT,1.27,1183.0,4.0,1.0
Strength,0.92,1267.0,4.0,1.0
Strength,1.77,1105.0,2.0,1.0
Strength,1.21,912.0,2.0,2.0
Yoga,1.19,1171.0,4.0,3.0
Yoga,1.19,323.0,3.0,1.0
Yoga,1.46,729.0,4.0,2.0
Cardio,0.99,1040.0,5.0,3.0
\tYoga,0.96,668.0,4.0,1.0
Yoga,1.08,1442.0,5.0,3.0
Strength,1.48,,4.0,1.0
HIIT,1.67,607.0,2.0,2.0
Strength,1.43,506.0,3.0,3.0
Strength,1.61,810.0,,2.0
Strength,1.33,1138.0,3.0,1.0
Yoga,1.22,1173.0,3.0,3.0
Strength,0.69,1282.0,2.0,1.0
,0.95,914.0,2.0,2.0
Strength,1.42,936.0,4.0,2.0
Strength,1.09,948.0,2.0,1.0
Yoga,1.48,1156.0,4.0,2.0
Cardio,1.87,1019.0,4.0,2.0
Cardio,1.05,1161.0,4.0,3.0
HIIT,1.36,1311.0,2.0,2.0
HIIT,1.13,766.0,2.0,1.0
HIIT,1.38,1185.0,3.0,2.0
Cardio,1.97,757.0,5.0,1.0
Yoga,1.45,998.0,4.0,2.0
Yoga,1.11,1100.0,2.0,1.0
Yoga,1.48,734.0,4.0,2.0
HIIT,1.27,1173.0,2.0,3.0
Cardio,0.97,906.0,2.0,1.0
Cardio,0.6,829.0,4.0,1.0
Yoga,0.93,903.0,2.0,
Strength,1.03,327.0,3.0,1.0
\tCardio,1.18,1356.0,3.0,3.0
Strength,0.9,886.0,2.0,1.0
Yoga,1.28,1475.0,5.0,2.0
Cardio,1.81,1162.0,3.0,2.0
Yoga,1.23,1186.0,4.0,1.0
Cardio,1.37,1308.0,2.0,2.0
Strength,2.0,564.0,3.0,2.0
Cardio,1.04,951.0,4.0,2.0
HIIT,1.2,742.0,4.0,3.0
Yoga,1.47,1394.0,3.0,2.0
Cardio,1.97,1091.0,3.0,1.0
Yoga,2.0,1218.0,3.0,2.0
Cardio,0.93,1157.0,2.0,3.0
Cardio,1.4,735.0,3.0,1.0
Cardio,1.28,725.0,3.0,1.0
Strength,1.34,1629.0,5.0,1.0
HIIT,0.82,1278.0,5.0,1.0
Yoga,1.81,1242.0,4.0,2.0
,1.26,901.0,3.0,1.0
Yoga,0.79,1612.0,3.0,3.0
Yoga,1.57,1132.0,3.0,3.0
Strength,1.64,996.0,4.0,2.0
Yoga,1.35,1193.0,3.0,2.0
HIIT,1.36,1034.0,4.0,1.0
Strength,1.1,891.0,3.0,1.0
Strength,1.65,1374.0,5.0,2.0
,1.31,500.0,2.0,2.0
HIIT,,384.0,3.0,1.0
Yoga,1.53,763.0,2.0,1.0
Strength,2.0,1069.0,4.0,2.0
Strength,0.93,416.0,5.0,2.0
HIIT,1.21,973.0,4.0,1.0
Yoga,2.0,1243.0,2.0,1.0
HIIT,1.5,741.0,3.0,2.0
HIIT,1.52,854.0,3.0,3.0
Cardio,2.0,1314.0,3.0,1.0
Strength,1.38,433.0,4.0,1.0
Yoga,1.41,969.0,3.0,2.0
Cardio,1.36,764.0,4.0,2.0
HIIT,1.27,790.0,2.0,2.0
Cardio,2.0,452.0,5.0,1.0
Yoga,1.12,878.0,3.0,1.0
Cardio,2.0,1206.0,5.0,3.0
HIIT,1.19,523.0,2.0,1.0
Yoga,1.98,1282.0,4.0,1.0
Strength,1.42,749.0,4.0,2.0
Yoga,1.49,1415.0,4.0,2.0
HIIT,2.0,930.0,3.0,3.0
Cardio,0.68,1303.0,4.0,3.0
Cardio,2.0,692.0,3.0,2.0
Yoga,1.4,1776.0,,2.0
Strength,1.3,1590.0,4.0,2.0
HIIT,1.39,960.0,3.0,2.0
Yoga,1.53,827.0,4.0,2.0
Yoga,2.0,816.0,3.0,2.0
Strength,1.14,524.0,2.0,3.0
Yoga,1.53,880.0,4.0,2.0
Cardio,0.76,1239.0,2.0,2.0
Cardio,1.18,1086.0,4.0,2.0
Yoga,1.46,1128.0,2.0,1.0
Cardio,2.0,1783.0,4.0,1.0
Cardio,1.1,1783.0,3.0,1.0
Cardio,1.25,768.0,4.0,2.0
Yoga,1.6,993.0,5.0,1.0
Yoga,1.58,1141.0,3.0,
Yoga,1.77,1006.0,4.0,3.0
HIIT,1.52,1107.0,3.0,1.0
Strength,1.38,1368.0,2.0,3.0
,1.21,708.0,4.0,2.0
Strength,1.12,790.0,4.0,3.0
Yoga,2.0,868.0,4.0,2.0
HIIT,1.26,682.0,3.0,2.0
Strength,1.1,1115.0,3.0,1.0
Strength,1.31,734.0,2.0,2.0
Strength,0.72,940.0,3.0,1.0
\nStrength,2.0,1281.0,4.0,2.0
HIIT,1.14,628.0,5.0,1.0
HIIT,2.0,638.0,4.0,2.0
Cardio,1.41,608.0,3.0,1.0
Strength,1.44,1116.0,2.0,2.0
HIIT,1.08,825.0,5.0,2.0
HIIT,0.77,1030.0,,1.0
Cardio,1.08,702.0,3.0,2.0
\tYoga,1.25,1033.0,4.0,2.0
Yoga,1.59,1131.0,3.0,1.0
Cardio,1.59,722.0,4.0,3.0
Cardio,1.03,1403.0,3.0,1.0
Cardio,1.28,1159.0,3.0,1.0
Cardio,0.94,721.0,4.0,1.0
Cardio,1.66,466.0,2.0,3.0
Yoga,2.0,443.0,4.0,2.0
Strength,1.98,1404.0,3.0,1.0
HIIT,1.02,1311.0,4.0,1.0
Cardio,2.0,526.0,5.0,
Cardio,2.0,1010.0,5.0,1.0
Yoga,1.26,949.0,2.0,2.0
Strength,1.85,1361.0,4.0,1.0
Yoga,2.0,993.0,4.0,1.0
Strength,1.31,881.0,2.0,1.0
Yoga,2.0,478.0,3.0,1.0
Strength,1.62,617.0,3.0,1.0
Strength,0.89,1106.0,5.0,3.0
Cardio,1.37,1266.0,4.0,1.0
Yoga,1.82,1144.0,2.0,1.0
Yoga,1.1,1293.0,4.0,2.0
Cardio,1.95,437.0,2.0,2.0
Yoga,1.17,968.0,5.0,2.0
Cardio,1.15,1368.0,4.0,1.0
Cardio,1.31,676.0,3.0,2.0
Cardio,1.28,787.0,2.0,2.0
HIIT,1.66,1439.0,2.0,1.0
Yoga,1.01,312.0,4.0,2.0
Yoga,1.39,1431.0,3.0,3.0
HIIT,1.79,488.0,4.0,1.0
Strength,1.21,1379.0,4.0,2.0
Cardio,1.3,708.0,4.0,1.0
Cardio,2.0,1153.0,3.0,1.0
Strength,1.86,960.0,4.0,2.0
HIIT,1.53,600.0,4.0,3.0
Strength,1.62,900.0,5.0,1.0
Strength,1.39,303.0,2.0,2.0
Strength,1.43,1423.0,3.0,2.0
Yoga,0.96,556.0,2.0,2.0
Strength,0.68,1129.0,3.0,1.0
HIIT,2.0,1148.0,2.0,2.0
Yoga,1.1,1389.0,3.0,1.0
Cardio,1.59,851.0,3.0,2.0
Strength,2.0,1349.0,2.0,2.0
Cardio,1.47,1069.0,4.0,1.0
Yoga,0.92,1465.0,3.0,1.0
Cardio,1.29,918.0,2.0,1.0
Yoga,1.63,1109.0,2.0,2.0
Strength,1.08,,4.0,2.0
Cardio,1.25,1410.0,4.0,2.0
Strength,0.94,934.0,2.0,1.0
Cardio,0.97,1013.0,5.0,3.0
Cardio,0.63,1186.0,2.0,2.0
Yoga,0.52,846.0,3.0,3.0
Yoga,1.48,1047.0,3.0,1.0
Strength,1.39,1066.0,3.0,1.0
Cardio,,1060.0,5.0,1.0
Yoga,0.88,1133.0,3.0,3.0
Strength,1.0,1213.0,2.0,
Strength,2.0,1319.0,5.0,1.0
Strength,2.0,494.0,3.0,3.0
Yoga,1.29,682.0,3.0,2.0
Yoga,2.0,1185.0,4.0,1.0
,1.51,1151.0,4.0,3.0
HIIT,1.93,541.0,3.0,2.0
Strength,1.17,817.0,3.0,1.0
Cardio,1.47,1273.0,4.0,1.0
,1.24,1172.0,3.0,3.0
Cardio,1.44,1445.0,3.0,2.0
Cardio,1.45,1783.0,2.0,2.0
Cardio,1.64,962.0,4.0,3.0
Strength,0.85,1303.0,2.0,3.0
Strength,2.0,1098.0,3.0,1.0
Cardio,1.45,507.0,3.0,1.0
Strength,2.0,527.0,4.0,3.0
Yoga,0.89,1674.0,3.0,2.0
Strength,1.93,964.0,4.0,1.0
HIIT,1.97,406.0,5.0,2.0
,1.49,1029.0,4.0,2.0
HIIT,0.89,1198.0,5.0,2.0
Cardio,1.32,706.0,2.0,2.0
Strength,,884.0,2.0,2.0
HIIT,1.72,699.0,4.0,1.0
Cardio,1.71,1163.0,4.0,1.0
Strength,2.0,1074.0,3.0,3.0
Cardio,0.9,1159.0,5.0,3.0
Yoga,1.44,303.0,3.0,1.0
Cardio,1.27,1305.0,2.0,2.0
Cardio,1.34,1709.0,4.0,1.0
\nStrength,1.84,577.0,4.0,3.0
,1.67,924.0,3.0,1.0
Strength,2.0,1582.0,3.0,2.0
HIIT,1.04,842.0,3.0,1.0
Cardio,1.22,765.0,2.0,
Yoga,1.45,860.0,4.0,1.0
Strength,1.25,1082.0,3.0,2.0
Cardio,1.19,1640.0,3.0,3.0
Yoga,0.99,1178.0,5.0,1.0
HIIT,1.66,811.0,3.0,1.0
Cardio,2.0,855.0,2.0,1.0
,1.19,458.0,3.0,3.0
Strength,2.0,1187.0,4.0,1.0
Cardio,1.65,1334.0,2.0,2.0
Strength,1.02,1184.0,4.0,1.0
Yoga,1.52,477.0,2.0,2.0
HIIT,1.89,,2.0,3.0
Yoga,1.43,1633.0,4.0,1.0
Cardio,1.28,1538.0,3.0,3.0
HIIT,1.64,857.0,4.0,
Cardio,0.82,1487.0,4.0,2.0
Strength,1.55,879.0,3.0,2.0
Strength,2.0,867.0,5.0,2.0
Strength,2.0,913.0,3.0,3.0
Yoga,1.46,1050.0,3.0,2.0
Yoga,1.94,1568.0,3.0,1.0
Strength,1.22,817.0,4.0,1.0
Cardio,1.29,840.0,3.0,3.0
HIIT,1.3,1248.0,3.0,1.0
HIIT,1.19,1302.0,3.0,1.0
Strength,1.95,1205.0,5.0,1.0
Strength,1.15,751.0,3.0,1.0
Strength,2.0,945.0,4.0,2.0
HIIT,1.97,1110.0,4.0,3.0
Yoga,1.67,1296.0,3.0,3.0
Cardio,1.45,949.0,3.0,2.0
Yoga,1.6,1112.0,4.0,2.0
Strength,2.0,,3.0,1.0
Cardio,1.19,596.0,5.0,1.0
HIIT,1.9,1084.0,5.0,1.0
HIIT,1.02,614.0,4.0,1.0
HIIT,2.0,831.0,4.0,1.0
HIIT,1.42,685.0,4.0,3.0
Cardio,1.23,730.0,2.0,2.0
Cardio,1.65,749.0,,2.0
HIIT,1.95,621.0,3.0,3.0
HIIT,1.26,,3.0,3.0
Yoga,1.46,1219.0,4.0,1.0
Cardio,0.5,580.0,3.0,3.0
Cardio,1.42,1306.0,2.0,1.0
HIIT,1.69,1242.0,4.0,1.0
Yoga,1.95,1105.0,2.0,2.0
Strength,1.05,624.0,3.0,1.0
Cardio,1.07,691.0,2.0,3.0
Strength,1.1,779.0,3.0,2.0
,1.04,1564.0,2.0,2.0
Cardio,,1265.0,4.0,2.0
Yoga,1.39,708.0,3.0,1.0
Strength,1.97,1132.0,4.0,1.0
Strength,1.91,474.0,5.0,1.0
HIIT,1.06,758.0,2.0,1.0
Yoga,1.37,1231.0,2.0,1.0
Strength,2.0,1065.0,4.0,2.0
Yoga,1.95,782.0,3.0,
Strength,1.05,1619.0,5.0,3.0
Cardio,1.46,1108.0,3.0,1.0
Strength,0.79,1027.0,2.0,1.0
Strength,1.46,860.0,5.0,2.0
Yoga,0.56,864.0,2.0,2.0
Cardio,1.96,1596.0,4.0,1.0
Yoga,1.15,1302.0,4.0,1.0
Yoga,1.15,1211.0,2.0,3.0
Yoga,2.0,444.0,5.0,3.0
HIIT,1.24,964.0,3.0,1.0
Cardio,1.12,487.0,5.0,2.0
Strength,1.3,1311.0,3.0,1.0
Cardio,1.71,466.0,3.0,2.0
Yoga,1.29,785.0,4.0,1.0
HIIT,1.78,432.0,2.0,2.0
Yoga,2.0,685.0,3.0,2.0
Cardio,1.3,1196.0,4.0,2.0
Cardio,0.84,1110.0,3.0,3.0
Yoga,1.51,786.0,3.0,1.0
HIIT,0.85,704.0,3.0,3.0
,0.69,1656.0,5.0,1.0
HIIT,2.0,1472.0,4.0,2.0
Strength,1.53,699.0,3.0,1.0
Cardio,1.24,1214.0,3.0,2.0
Cardio,0.96,919.0,4.0,2.0
Cardio,1.52,1362.0,3.0,1.0
HIIT,0.58,1114.0,3.0,1.0
Yoga,1.18,,4.0,2.0
HIIT,1.48,1460.0,5.0,3.0
HIIT,2.0,1751.0,2.0,2.0
Strength,1.34,1083.0,4.0,2.0
Cardio,1.55,1389.0,,3.0
Strength,2.0,1162.0,3.0,3.0
Strength,1.8,1223.0,4.0,2.0
Yoga,,1783.0,2.0,1.0
HIIT,1.36,1073.0,2.0,
Strength,1.94,1436.0,2.0,3.0
Cardio,1.3,741.0,4.0,3.0
HIIT,1.45,1019.0,2.0,2.0
\tCardio,1.13,682.0,4.0,2.0
Cardio,1.4,1141.0,3.0,1.0
,1.46,1046.0,3.0,3.0
Strength,1.3,933.0,2.0,3.0
HIIT,1.69,1783.0,3.0,3.0
Cardio,0.95,715.0,5.0,3.0
Strength,1.05,939.0,3.0,2.0
Cardio,0.96,1353.0,4.0,1.0
Cardio,1.15,813.0,3.0,2.0
Strength,1.19,1104.0,4.0,2.0
Yoga,1.52,727.0,5.0,2.0
Cardio,1.87,1073.0,,1.0
Strength,0.78,682.0,4.0,1.0
Yoga,0.68,1783.0,2.0,2.0
Strength,1.68,758.0,3.0,3.0
Strength,1.39,698.0,4.0,1.0
Cardio,2.0,1256.0,3.0,2.0
HIIT,1.93,1117.0,3.0,2.0
Yoga,1.18,1564.0,3.0,2.0
Cardio,1.1,1285.0,3.0,3.0
Cardio,1.42,1044.0,3.0,3.0
Strength,1.79,1108.0,4.0,3.0
Strength,1.78,1179.0,2.0,1.0
HIIT,1.49,859.0,4.0,2.0
Cardio,0.83,940.0,5.0,2.0
Cardio,0.77,1047.0,3.0,3.0
Strength,1.14,775.0,3.0,1.0
HIIT,1.32,1298.0,2.0,3.0
Strength,2.0,993.0,3.0,2.0
Yoga,1.07,715.0,4.0,2.0
Yoga,1.79,731.0,4.0,3.0
Strength,0.86,1068.0,4.0,1.0
Strength,2.0,742.0,3.0,1.0
HIIT,1.49,717.0,4.0,3.0
Cardio,1.36,1220.0,3.0,2.0
Yoga,1.62,1148.0,4.0,3.0
Cardio,0.84,766.0,5.0,1.0
HIIT,1.21,1063.0,3.0,1.0
HIIT,1.61,1361.0,2.0,3.0
Cardio,1.2,1261.0,2.0,2.0
Strength,1.24,1175.0,3.0,1.0
Yoga,0.62,1783.0,3.0,1.0
Yoga,2.0,877.0,3.0,2.0
Strength,,1303.0,2.0,3.0
HIIT,1.99,929.0,,2.0
Cardio,2.0,1091.0,2.0,1.0
Yoga,2.0,1783.0,2.0,2.0
Cardio,1.64,816.0,3.0,2.0
Yoga,2.0,1168.0,3.0,2.0
HIIT,1.44,669.0,3.0,3.0
Cardio,0.88,710.0,3.0,2.0
HIIT,1.31,723.0,4.0,3.0
Yoga,2.0,1130.0,5.0,3.0
Yoga,1.16,1437.0,2.0,1.0
Yoga,1.78,533.0,3.0,2.0
HIIT,0.97,1175.0,,2.0
Strength,1.16,1408.0,4.0,1.0
Cardio,1.48,419.0,4.0,2.0
Strength,0.98,1263.0,5.0,1.0
Cardio,1.36,614.0,3.0,1.0
HIIT,2.0,1783.0,4.0,2.0
Yoga,2.0,642.0,3.0,2.0
Strength,1.24,1048.0,2.0,3.0
Cardio,0.85,1043.0,5.0,3.0
Yoga,2.0,1131.0,3.0,1.0
HIIT,1.33,893.0,3.0,1.0
Yoga,1.09,775.0,4.0,2.0
HIIT,1.99,1374.0,3.0,1.0
Yoga,1.63,843.0,2.0,2.0
Cardio,1.1,1470.0,4.0,3.0
Cardio,1.16,1187.0,4.0,2.0
HIIT,1.37,854.0,4.0,2.0
Strength,2.0,1050.0,5.0,3.0
HIIT,1.37,1171.0,3.0,1.0
Strength,1.02,1360.0,4.0,1.0
Strength,1.37,1783.0,4.0,1.0
Strength,1.4,614.0,2.0,1.0
Cardio,1.88,1783.0,4.0,1.0
Yoga,1.38,915.0,4.0,1.0
Strength,1.09,1375.0,2.0,3.0
Cardio,1.38,1608.0,5.0,2.0
Yoga,1.44,676.0,4.0,2.0
Strength,1.45,952.0,4.0,3.0
HIIT,1.12,984.0,4.0,2.0
Yoga,1.7,1114.0,4.0,2.0
Strength,1.09,962.0,5.0,2.0
,1.47,1783.0,5.0,3.0
Strength,1.45,999.0,3.0,3.0
Cardio,1.92,1229.0,4.0,2.0
Strength,1.43,1427.0,,1.0
HIIT,1.61,567.0,3.0,1.0
Strength,1.18,1725.0,2.0,1.0
Yoga,1.39,1156.0,5.0,2.0
Strength,1.49,649.0,3.0,1.0
Yoga,1.28,1480.0,3.0,3.0
HIIT,1.32,1266.0,4.0,3.0
Strength,1.51,837.0,3.0,1.0
Strength,1.91,887.0,3.0,2.0
Yoga,2.0,816.0,2.0,1.0
,1.01,1276.0,4.0,1.0
Strength,2.0,1213.0,4.0,2.0
Strength,1.18,335.0,2.0,1.0
Yoga,0.97,792.0,3.0,2.0
Strength,1.45,570.0,4.0,1.0
Cardio,1.13,771.0,4.0,2.0
Strength,0.85,1098.0,4.0,2.0
Strength,1.04,1382.0,2.0,3.0
Strength,1.18,1048.0,5.0,2.0
Strength,1.67,495.0,3.0,
Cardio,1.46,990.0,2.0,1.0
Cardio,1.41,1013.0,3.0,3.0
HIIT,1.22,1267.0,3.0,2.0
Cardio,1.48,918.0,5.0,1.0
Cardio,1.56,999.0,5.0,3.0
,1.39,1040.0,2.0,2.0
HIIT,0.96,1291.0,2.0,2.0
Strength,1.33,,4.0,2.0
Yoga,1.35,1628.0,5.0,2.0
Yoga,1.64,683.0,4.0,1.0
Cardio,1.64,1486.0,2.0,1.0
Strength,0.56,1249.0,3.0,3.0
Strength,1.57,1050.0,4.0,2.0
Yoga,1.41,1180.0,3.0,2.0
Strength,,843.0,3.0,1.0
Strength,1.01,1740.0,4.0,1.0
HIIT,1.55,804.0,3.0,1.0
HIIT,1.51,1221.0,5.0,2.0
HIIT,1.4,505.0,5.0,2.0
Cardio,1.32,927.0,3.0,1.0
Yoga,1.37,606.0,2.0,2.0
Yoga,1.55,436.0,3.0,1.0
HIIT,2.0,1246.0,3.0,1.0
HIIT,2.0,1309.0,2.0,
\nStrength,0.94,899.0,3.0,2.0
Strength,1.2,613.0,4.0,2.0
HIIT,1.78,1350.0,3.0,
Yoga,1.97,1276.0,3.0,2.0
Yoga,1.3,719.0,4.0,1.0
,1.42,913.0,3.0,1.0
Cardio,1.57,1283.0,3.0,
Cardio,0.83,857.0,4.0,2.0
HIIT,1.15,776.0,4.0,1.0
Strength,1.46,1103.0,4.0,
Cardio,2.0,864.0,3.0,2.0
Yoga,1.81,758.0,3.0,2.0
Yoga,1.91,684.0,3.0,1.0
Yoga,1.41,726.0,2.0,3.0
Yoga,1.98,1132.0,3.0,2.0
HIIT,1.53,850.0,4.0,1.0
HIIT,1.93,1056.0,4.0,2.0
Cardio,1.46,1481.0,5.0,1.0
Strength,1.42,1384.0,4.0,1.0
Strength,2.0,1183.0,3.0,1.0
Strength,1.22,923.0,3.0,2.0
HIIT,1.28,1261.0,4.0,2.0
Yoga,2.0,1306.0,4.0,2.0
Strength,1.34,820.0,4.0,1.0
HIIT,1.4,1177.0,3.0,2.0
HIIT,1.43,1694.0,3.0,2.0
Yoga,1.19,838.0,2.0,1.0
Yoga,1.23,797.0,2.0,1.0
Strength,1.38,1303.0,2.0,2.0
Yoga,1.93,670.0,4.0,1.0
Yoga,1.28,892.0,4.0,3.0
Yoga,1.0,845.0,4.0,1.0
Cardio,1.04,669.0,2.0,2.0
Strength,0.72,674.0,2.0,2.0
Strength,1.16,829.0,4.0,2.0
Yoga,1.41,974.0,4.0,1.0
Strength,1.28,780.0,4.0,2.0
Yoga,1.26,906.0,4.0,1.0
HIIT,1.6,1326.0,5.0,1.0
Strength,1.83,1178.0,2.0,1.0
Yoga,1.09,790.0,3.0,2.0
Strength,1.29,954.0,2.0,1.0
Yoga,1.12,1150.0,5.0,2.0
Strength,1.03,1590.0,2.0,3.0
Yoga,0.94,1137.0,2.0,3.0
Cardio,,1359.0,2.0,3.0
HIIT,1.65,1353.0,4.0,1.0
Strength,1.82,625.0,4.0,3.0
Cardio,1.5,1407.0,5.0,1.0
Cardio,1.07,1389.0,4.0,2.0
Cardio,,670.0,5.0,1.0
Strength,1.82,773.0,4.0,2.0
Yoga,1.9,972.0,2.0,1.0
HIIT,1.31,486.0,2.0,3.0
Strength,1.46,1286.0,2.0,3.0
HIIT,1.13,1089.0,4.0,2.0
Yoga,1.34,1096.0,4.0,2.0
Cardio,0.52,724.0,5.0,3.0
\tYoga,1.29,1770.0,3.0,1.0
HIIT,1.47,574.0,4.0,1.0
Yoga,2.0,1571.0,3.0,2.0
Yoga,1.53,1476.0,4.0,2.0
Yoga,0.92,1121.0,4.0,2.0
Strength,1.51,1651.0,3.0,3.0
Cardio,1.18,441.0,3.0,1.0
Strength,1.22,984.0,3.0,1.0
HIIT,1.9,368.0,5.0,2.0
Strength,0.89,771.0,4.0,1.0
Strength,1.28,846.0,3.0,2.0
Cardio,0.58,992.0,4.0,1.0
HIIT,0.72,408.0,5.0,
HIIT,0.84,420.0,4.0,1.0
\tCardio,1.14,1175.0,5.0,3.0
Cardio,1.49,1063.0,3.0,2.0
Cardio,1.42,963.0,3.0,3.0
HIIT,1.99,1047.0,4.0,3.0
Cardio,1.66,737.0,4.0,2.0
Cardio,2.0,1084.0,3.0,2.0
Cardio,0.89,984.0,2.0,3.0
Strength,1.49,813.0,2.0,3.0
Yoga,1.5,1436.0,3.0,1.0
Yoga,0.82,1184.0,2.0,1.0
Cardio,1.39,801.0,2.0,3.0
Cardio,1.37,871.0,4.0,
\tYoga,0.5,880.0,4.0,2.0
Yoga,2.0,1137.0,2.0,2.0
HIIT,1.25,1092.0,5.0,1.0
Yoga,1.51,1367.0,3.0,1.0
Yoga,1.07,1204.0,2.0,2.0
Yoga,1.68,1205.0,4.0,
Cardio,1.13,1507.0,5.0,2.0
Strength,2.0,645.0,5.0,2.0
Strength,1.48,1128.0,4.0,1.0
Yoga,0.96,,4.0,1.0
Cardio,1.33,1088.0,4.0,1.0
Strength,1.2,1783.0,3.0,2.0
Cardio,1.2,1146.0,4.0,2.0
Cardio,1.58,1014.0,5.0,3.0
Cardio,1.14,574.0,4.0,2.0
HIIT,1.58,995.0,4.0,3.0
Strength,0.9,886.0,2.0,1.0
Yoga,2.0,870.0,3.0,1.0
HIIT,1.48,1149.0,5.0,2.0
HIIT,1.5,1721.0,5.0,1.0
HIIT,1.22,928.0,3.0,2.0
Cardio,1.64,303.0,3.0,1.0
Yoga,1.44,1153.0,2.0,2.0
Yoga,0.95,1293.0,3.0,2.0
Yoga,1.85,1118.0,3.0,2.0
Cardio,1.11,612.0,2.0,2.0
Cardio,2.0,1386.0,3.0,2.0
Cardio,0.5,1783.0,4.0,3.0
HIIT,1.03,1175.0,4.0,2.0
Yoga,1.42,1153.0,3.0,1.0
HIIT,0.57,1267.0,4.0,2.0
Yoga,1.23,375.0,5.0,
Cardio,1.19,1405.0,2.0,1.0
Cardio,1.55,968.0,4.0,3.0
Yoga,1.27,493.0,3.0,1.0
Strength,1.28,1239.0,4.0,
Cardio,1.44,1155.0,,1.0
Strength,1.24,1420.0,5.0,1.0
HIIT,0.84,536.0,3.0,2.0
HIIT,2.0,766.0,3.0,1.0
Strength,1.64,596.0,2.0,2.0
Cardio,1.41,1024.0,4.0,3.0
Yoga,1.99,878.0,2.0,3.0
Yoga,0.95,1030.0,3.0,1.0
HIIT,1.61,606.0,2.0,2.0
HIIT,0.78,772.0,3.0,2.0
Strength,1.44,564.0,3.0,2.0
Cardio,1.22,1193.0,4.0,2.0
Strength,0.85,888.0,3.0,1.0
Strength,0.74,1783.0,3.0,3.0
HIIT,1.16,483.0,,1.0
HIIT,2.0,765.0,4.0,2.0
Yoga,1.25,1576.0,2.0,2.0
Strength,1.41,723.0,5.0,1.0
Strength,0.92,1482.0,2.0,3.0
Yoga,0.6,1151.0,2.0,2.0
HIIT,1.67,972.0,2.0,
HIIT,0.83,732.0,2.0,3.0
Strength,1.28,834.0,4.0,2.0
Yoga,2.0,1108.0,4.0,2.0
HIIT,1.96,535.0,4.0,2.0
Yoga,1.23,1046.0,5.0,3.0
Yoga,2.0,767.0,4.0,2.0
HIIT,1.15,971.0,5.0,
\tYoga,1.08,1058.0,,3.0
\nStrength,1.11,1105.0,3.0,1.0
Strength,2.0,1259.0,3.0,1.0
HIIT,1.12,998.0,,3.0
HIIT,2.0,1285.0,3.0,2.0
Yoga,1.97,897.0,5.0,3.0
Yoga,1.2,1109.0,3.0,3.0
HIIT,1.22,1292.0,3.0,2.0
Strength,1.43,804.0,2.0,2.0
HIIT,1.23,1044.0,4.0,1.0
HIIT,1.66,1382.0,4.0,2.0
Cardio,1.43,1256.0,5.0,
Strength,0.98,921.0,4.0,1.0
Yoga,2.0,863.0,3.0,1.0
Strength,2.0,855.0,5.0,1.0
Strength,1.29,925.0,2.0,1.0
Strength,1.47,1461.0,2.0,3.0
Strength,1.15,707.0,,2.0
Cardio,2.0,466.0,4.0,1.0
HIIT,0.98,1076.0,4.0,2.0
Yoga,1.73,,3.0,1.0
Yoga,1.38,480.0,3.0,3.0
Cardio,1.31,706.0,2.0,1.0
HIIT,0.99,808.0,3.0,1.0
HIIT,1.51,1153.0,4.0,2.0
HIIT,1.38,996.0,2.0,2.0
Yoga,1.18,828.0,3.0,2.0
Cardio,1.07,1029.0,5.0,1.0
Strength,1.68,1001.0,4.0,1.0
Strength,1.23,686.0,3.0,3.0
Cardio,2.0,1126.0,4.0,2.0
,1.46,708.0,3.0,2.0
Yoga,1.01,985.0,2.0,3.0
Yoga,1.43,577.0,4.0,2.0
Cardio,0.93,,4.0,1.0
Yoga,1.99,647.0,5.0,2.0
,1.68,1263.0,3.0,2.0
Cardio,1.47,1609.0,4.0,2.0
Yoga,1.15,1018.0,3.0,1.0
Cardio,1.79,1009.0,3.0,3.0
Yoga,2.0,1462.0,4.0,2.0
HIIT,1.43,,3.0,2.0
HIIT,1.84,1321.0,4.0,3.0
Strength,1.14,977.0,4.0,3.0
Strength,1.26,1703.0,4.0,2.0
Cardio,1.54,1295.0,3.0,3.0
Cardio,1.54,1130.0,3.0,1.0
Cardio,2.0,,3.0,1.0
Cardio,1.95,1783.0,2.0,1.0
Yoga,2.0,1396.0,2.0,2.0
HIIT,2.0,950.0,4.0,2.0
Cardio,1.23,1080.0,3.0,3.0
Cardio,1.43,686.0,3.0,3.0
Strength,0.53,907.0,,3.0
Cardio,1.03,826.0,2.0,2.0
Yoga,1.61,587.0,3.0,1.0
Yoga,1.34,752.0,3.0,2.0
HIIT,1.4,501.0,2.0,1.0
\nStrength,1.59,1121.0,2.0,1.0
HIIT,1.7,854.0,2.0,2.0
Yoga,0.9,664.0,2.0,1.0
,1.34,904.0,3.0,1.0
,0.96,869.0,5.0,1.0
Strength,2.0,1380.0,3.0,2.0
Strength,0.93,1668.0,,2.0
Strength,1.3,1386.0,3.0,1.0
Strength,1.65,1741.0,4.0,1.0
Yoga,1.56,303.0,5.0,3.0
Yoga,1.35,1376.0,3.0,3.0
Cardio,1.96,582.0,3.0,3.0
HIIT,2.0,786.0,2.0,1.0
HIIT,0.98,1117.0,5.0,2.0
,1.89,1071.0,5.0,2.0
Strength,0.91,759.0,3.0,3.0
HIIT,1.52,1144.0,2.0,2.0
Strength,1.47,1152.0,5.0,2.0
Cardio,1.17,1040.0,2.0,2.0
HIIT,1.56,350.0,4.0,1.0
Strength,1.77,,4.0,2.0
HIIT,1.16,802.0,4.0,2.0
Cardio,1.28,1783.0,,1.0
Strength,0.92,1221.0,3.0,3.0
HIIT,1.1,1766.0,3.0,1.0
Strength,1.44,1058.0,4.0,2.0
Strength,0.84,606.0,3.0,1.0
Yoga,2.0,1455.0,3.0,3.0
Cardio,1.45,1230.0,2.0,2.0
Strength,0.7,1247.0,3.0,1.0
Cardio,,1772.0,4.0,1.0
Cardio,0.66,1208.0,3.0,1.0
Yoga,0.99,1672.0,2.0,3.0
Yoga,1.44,1277.0,5.0,3.0
Strength,1.32,953.0,4.0,2.0
Yoga,1.71,979.0,3.0,2.0
Strength,1.27,1002.0,3.0,2.0
Yoga,1.06,1225.0,4.0,1.0
Cardio,0.93,1108.0,2.0,2.0
Cardio,1.4,758.0,4.0,1.0
HIIT,2.0,1030.0,4.0,2.0
Cardio,1.45,1113.0,4.0,3.0
Yoga,1.77,1337.0,4.0,1.0
HIIT,1.01,1289.0,2.0,1.0
,1.25,918.0,3.0,3.0
Cardio,1.4,1155.0,2.0,3.0
Yoga,1.05,367.0,3.0,
Yoga,1.16,1019.0,3.0,1.0
Cardio,1.15,1238.0,4.0,1.0
Strength,1.46,1143.0,3.0,1.0
HIIT,1.57,1410.0,,
Yoga,1.26,1474.0,4.0,1.0
Cardio,1.47,1709.0,4.0,1.0
Strength,1.98,1656.0,4.0,2.0
Cardio,1.2,978.0,3.0,1.0
Cardio,2.0,416.0,2.0,2.0
HIIT,0.72,862.0,4.0,3.0
Strength,1.33,1001.0,2.0,2.0
HIIT,2.0,1181.0,3.0,2.0
Yoga,1.03,608.0,4.0,2.0
HIIT,2.0,1337.0,3.0,1.0
Yoga,1.94,1297.0,3.0,3.0
Yoga,1.45,1642.0,3.0,2.0
HIIT,1.1,941.0,3.0,2.0
Strength,1.23,991.0,5.0,1.0
Cardio,0.89,1441.0,2.0,2.0
Strength,1.11,629.0,5.0,2.0
Yoga,1.05,1121.0,5.0,2.0
HIIT,1.17,733.0,3.0,2.0
Cardio,1.34,1783.0,4.0,2.0
HIIT,1.27,917.0,4.0,2.0
Cardio,0.89,943.0,4.0,1.0
HIIT,1.27,314.0,5.0,1.0
Yoga,1.21,746.0,5.0,1.0
HIIT,0.86,944.0,5.0,2.0
Yoga,1.37,1741.0,4.0,
Cardio,1.02,1232.0,3.0,1.0
Yoga,1.33,1166.0,3.0,1.0
Cardio,1.5,712.0,2.0,2.0
Strength,1.85,1265.0,,2.0
HIIT,1.64,1001.0,4.0,2.0
Cardio,1.26,1024.0,3.0,1.0
Yoga,0.94,1277.0,3.0,2.0
HIIT,2.0,1005.0,4.0,1.0
HIIT,1.17,1104.0,3.0,1.0
HIIT,1.34,715.0,2.0,1.0
HIIT,2.0,1104.0,3.0,1.0
Strength,1.05,947.0,3.0,1.0
HIIT,0.58,933.0,4.0,2.0
\nStrength,1.46,796.0,4.0,1.0
Cardio,1.65,1265.0,2.0,2.0
Yoga,1.2,1240.0,3.0,2.0
HIIT,0.76,1371.0,2.0,1.0
HIIT,2.0,1009.0,3.0,3.0
Strength,1.22,361.0,2.0,3.0
,1.48,953.0,3.0,
Yoga,1.93,881.0,2.0,2.0
Strength,1.28,911.0,4.0,3.0
HIIT,0.98,1443.0,4.0,3.0
Yoga,2.0,1508.0,4.0,1.0
Cardio,1.27,1200.0,4.0,3.0
,1.57,848.0,5.0,1.0
Strength,1.62,571.0,4.0,2.0
Cardio,1.6,1286.0,5.0,2.0
HIIT,1.65,1075.0,2.0,1.0
HIIT,1.48,1088.0,5.0,2.0
HIIT,1.49,1364.0,3.0,2.0
Strength,1.56,1345.0,4.0,2.0
Strength,1.29,1586.0,3.0,1.0
Cardio,1.69,772.0,,1.0
Cardio,1.0,1133.0,5.0,1.0
Yoga,1.13,708.0,5.0,1.0
Strength,1.26,505.0,2.0,2.0
HIIT,2.0,883.0,3.0,2.0
Yoga,1.57,1070.0,3.0,1.0
Strength,2.0,833.0,3.0,3.0
Strength,1.32,815.0,4.0,1.0
HIIT,1.49,1783.0,4.0,2.0
Cardio,1.25,1190.0,3.0,1.0
Yoga,2.0,1783.0,3.0,2.0
Yoga,0.79,1014.0,4.0,1.0
Strength,1.35,1175.0,2.0,2.0
Cardio,0.82,808.0,2.0,3.0
Strength,1.51,1306.0,3.0,3.0
Yoga,0.95,1556.0,4.0,1.0
Yoga,1.51,828.0,2.0,1.0
Strength,0.99,569.0,4.0,1.0
Strength,1.97,827.0,4.0,2.0
Cardio,1.45,577.0,3.0,3.0
Cardio,1.93,823.0,3.0,1.0
,1.65,680.0,3.0,2.0
HIIT,1.22,829.0,3.0,1.0
Strength,2.0,,2.0,1.0
Strength,0.86,373.0,4.0,2.0
Yoga,0.74,976.0,4.0,3.0
HIIT,,1270.0,,2.0
Cardio,0.5,1165.0,2.0,1.0
Strength,1.82,1395.0,4.0,3.0
Yoga,1.38,466.0,4.0,3.0
Strength,1.11,963.0,2.0,1.0
Cardio,1.12,677.0,2.0,2.0
HIIT,1.38,1180.0,2.0,3.0
Strength,1.78,933.0,4.0,2.0
Yoga,1.43,1093.0,5.0,1.0
Yoga,,1115.0,4.0,
Strength,1.87,862.0,3.0,1.0
Yoga,0.92,1091.0,,1.0
Yoga,1.64,1123.0,4.0,2.0
Cardio,2.0,517.0,4.0,1.0
Strength,1.46,1157.0,4.0,1.0
Strength,1.54,926.0,2.0,
Yoga,0.88,694.0,3.0,
HIIT,0.97,1145.0,2.0,3.0
HIIT,0.94,748.0,4.0,2.0
Yoga,1.51,1236.0,3.0,2.0
Yoga,1.64,1143.0,3.0,2.0
Strength,1.89,1753.0,5.0,1.0
HIIT,1.17,744.0,4.0,2.0
HIIT,0.94,1139.0,2.0,1.0
Strength,1.68,972.0,3.0,2.0
HIIT,0.93,597.0,3.0,3.0
Yoga,0.97,1083.0,4.0,2.0
Cardio,1.29,1233.0,2.0,1.0
Cardio,1.2,840.0,2.0,3.0
Cardio,0.85,917.0,2.0,
Strength,1.55,1710.0,4.0,3.0
Yoga,1.5,1081.0,4.0,1.0
Yoga,2.0,788.0,3.0,
Strength,1.88,1760.0,4.0,2.0
HIIT,0.63,804.0,5.0,3.0
Cardio,2.0,1381.0,3.0,2.0
Yoga,0.75,1534.0,4.0,2.0
Yoga,1.46,1279.0,3.0,1.0
Strength,1.24,945.0,2.0,2.0
,1.35,658.0,4.0,1.0
HIIT,1.33,1194.0,4.0,1.0
Yoga,1.75,1285.0,2.0,3.0
HIIT,1.38,1506.0,4.0,3.0
HIIT,1.69,499.0,3.0,3.0
Yoga,1.13,1011.0,4.0,3.0
HIIT,1.27,1086.0,3.0,1.0
Yoga,1.04,900.0,3.0,2.0
Cardio,1.16,1142.0,5.0,2.0
Yoga,1.53,686.0,2.0,
Strength,1.21,819.0,3.0,1.0
Yoga,1.94,916.0,2.0,1.0
\nStrength,1.65,851.0,3.0,3.0
Strength,1.25,634.0,4.0,
Yoga,0.89,874.0,3.0,2.0
Cardio,0.85,1465.0,3.0,1.0
Cardio,1.22,841.0,,3.0
Yoga,1.63,900.0,2.0,1.0
\tYoga,2.0,494.0,4.0,2.0
Cardio,2.0,640.0,4.0,1.0
Strength,1.27,1497.0,4.0,1.0
Yoga,0.73,877.0,4.0,1.0
Strength,1.07,733.0,3.0,3.0
Cardio,1.0,497.0,2.0,1.0
HIIT,1.55,1068.0,2.0,2.0
HIIT,1.54,1273.0,3.0,1.0
Cardio,1.63,849.0,4.0,2.0
Yoga,2.0,1783.0,2.0,1.0
Strength,1.66,733.0,4.0,2.0
Strength,1.07,738.0,4.0,2.0
HIIT,1.13,753.0,4.0,2.0
Strength,1.08,842.0,2.0,3.0
Cardio,0.74,1237.0,3.0,1.0
Yoga,1.1,1099.0,5.0,1.0
Yoga,0.86,963.0,4.0,3.0
HIIT,1.94,619.0,5.0,1.0
Strength,1.33,1783.0,4.0,1.0
,0.5,729.0,3.0,3.0
Yoga,1.57,1058.0,4.0,2.0
Yoga,1.18,1278.0,3.0,2.0
Cardio,1.09,1593.0,4.0,2.0
Strength,1.21,1643.0,2.0,2.0
HIIT,1.4,659.0,4.0,2.0
HIIT,2.0,1015.0,4.0,3.0
Cardio,1.02,1108.0,3.0,3.0
HIIT,0.73,785.0,4.0,2.0
Cardio,1.44,976.0,2.0,2.0
Strength,1.25,438.0,4.0,2.0
Cardio,1.1,758.0,4.0,1.0
Cardio,1.21,770.0,2.0,3.0
HIIT,1.1,943.0,3.0,2.0
Cardio,1.35,1079.0,4.0,2.0
\tCardio,1.87,1211.0,2.0,2.0
Yoga,1.62,1385.0,5.0,3.0
Strength,0.86,1238.0,4.0,3.0
HIIT,1.19,945.0,2.0,3.0
Yoga,1.79,406.0,3.0,
Yoga,1.18,1001.0,4.0,1.0
Yoga,1.31,1009.0,,3.0
Cardio,1.39,1012.0,4.0,
,,1080.0,5.0,1.0
Cardio,1.21,1186.0,3.0,2.0
Cardio,0.87,872.0,4.0,2.0
Cardio,0.81,1154.0,4.0,2.0
,1.59,1179.0,3.0,2.0
Yoga,1.46,1251.0,4.0,2.0
HIIT,1.12,1392.0,3.0,1.0
Yoga,1.28,794.0,3.0,3.0
Cardio,1.24,484.0,4.0,2.0
Cardio,1.53,1065.0,4.0,2.0
Strength,1.71,1233.0,3.0,1.0
Yoga,1.09,669.0,3.0,2.0
Yoga,1.37,1783.0,3.0,3.0
Cardio,1.14,1415.0,5.0,2.0
Cardio,1.47,705.0,4.0,2.0
HIIT,2.0,1082.0,2.0,3.0
HIIT,1.22,1039.0,4.0,1.0
,0.79,992.0,4.0,1.0
\tYoga,1.5,1624.0,2.0,3.0
Cardio,1.46,1339.0,4.0,3.0
Cardio,0.94,1064.0,2.0,3.0
HIIT,1.45,1132.0,3.0,1.0
Cardio,1.48,804.0,4.0,3.0
HIIT,2.0,858.0,3.0,2.0
Cardio,1.6,1287.0,5.0,3.0
HIIT,1.11,548.0,3.0,1.0
Cardio,1.4,354.0,2.0,3.0
\nStrength,0.87,1260.0,3.0,1.0
Strength,2.0,1783.0,3.0,1.0
Strength,1.09,1148.0,4.0,1.0
Yoga,1.32,501.0,3.0,2.0
Yoga,1.29,671.0,2.0,3.0
Strength,1.29,1296.0,4.0,1.0
Strength,1.67,445.0,4.0,2.0
Yoga,0.86,1080.0,3.0,1.0
Strength,1.22,909.0,2.0,1.0
Yoga,1.47,1275.0,5.0,3.0
Strength,1.49,1307.0,2.0,2.0
HIIT,1.15,1093.0,3.0,2.0
Strength,1.37,1098.0,2.0,3.0
Cardio,1.52,574.0,4.0,2.0
Yoga,1.3,983.0,3.0,2.0
Cardio,1.59,954.0,5.0,2.0
Yoga,1.45,1184.0,5.0,2.0
Strength,2.0,684.0,3.0,1.0
Cardio,1.97,1049.0,4.0,2.0
Strength,0.9,921.0,5.0,2.0
Strength,1.86,1391.0,5.0,3.0
Yoga,2.0,987.0,5.0,2.0
Cardio,1.04,729.0,3.0,1.0
HIIT,1.2,1063.0,3.0,2.0
Yoga,1.86,1332.0,4.0,2.0
HIIT,1.4,716.0,4.0,3.0
Cardio,0.5,864.0,3.0,3.0
Strength,1.12,926.0,4.0,1.0
Cardio,1.55,1144.0,2.0,2.0
HIIT,1.66,881.0,3.0,3.0
Cardio,1.93,1700.0,,3.0
,1.28,691.0,2.0,1.0
Strength,2.0,1310.0,,1.0
HIIT,0.84,1098.0,5.0,1.0
\tCardio,1.41,573.0,3.0,1.0
Cardio,1.44,929.0,2.0,3.0
Yoga,1.83,1122.0,4.0,2.0
HIIT,0.77,1015.0,4.0,2.0
Yoga,0.95,640.0,5.0,2.0
HIIT,1.48,492.0,3.0,1.0
Strength,1.12,1049.0,4.0,1.0
Yoga,1.3,1201.0,2.0,2.0
Strength,1.33,821.0,4.0,3.0
Strength,,303.0,3.0,1.0
Yoga,1.18,690.0,4.0,3.0
HIIT,1.18,744.0,2.0,2.0
Cardio,2.0,1159.0,4.0,1.0
Strength,1.28,648.0,2.0,2.0
Strength,1.98,1515.0,5.0,1.0
HIIT,1.39,1386.0,3.0,3.0
Cardio,1.48,1140.0,4.0,1.0
HIIT,1.77,1088.0,2.0,2.0
HIIT,1.4,901.0,4.0,2.0
HIIT,1.1,594.0,3.0,2.0
HIIT,1.48,658.0,4.0,2.0
Cardio,1.34,1239.0,4.0,2.0
Cardio,2.0,1130.0,3.0,1.0
Cardio,1.21,389.0,3.0,2.0
Yoga,1.71,1140.0,4.0,1.0
Cardio,1.53,1381.0,2.0,2.0
Yoga,2.0,926.0,3.0,1.0
Cardio,1.66,1174.0,2.0,2.0
HIIT,0.62,1227.0,2.0,3.0
Strength,1.85,494.0,4.0,3.0
Strength,1.57,1305.0,,1.0
HIIT,1.02,747.0,5.0,1.0
Strength,2.0,898.0,3.0,2.0
\tCardio,1.11,770.0,3.0,2.0
Cardio,0.78,674.0,,1.0
Strength,1.74,898.0,3.0,2.0
HIIT,2.0,602.0,3.0,3.0
Yoga,2.0,1057.0,3.0,1.0
Strength,1.19,997.0,3.0,1.0
Cardio,1.19,900.0,5.0,2.0
\tYoga,1.42,1418.0,2.0,1.0
Strength,1.11,613.0,2.0,1.0
HIIT,1.62,793.0,4.0,3.0
HIIT,1.01,1536.0,,2.0
Yoga,2.0,920.0,,3.0
HIIT,1.26,681.0,3.0,3.0
HIIT,1.24,1267.0,3.0,2.0
Cardio,1.14,1135.0,3.0,2.0
Cardio,1.01,1011.0,3.0,2.0
HIIT,1.27,891.0,3.0,1.0
Strength,1.59,413.0,2.0,2.0
Cardio,1.35,927.0,4.0,1.0
Strength,1.45,625.0,3.0,1.0
Yoga,2.0,803.0,2.0,1.0
HIIT,1.24,1260.0,4.0,3.0
Yoga,1.79,933.0,4.0,2.0
Yoga,1.19,1392.0,3.0,1.0
HIIT,1.38,995.0,4.0,1.0
Strength,1.38,1643.0,5.0,1.0
Yoga,1.02,1265.0,5.0,1.0
Strength,1.28,303.0,3.0,1.0
Cardio,0.99,1216.0,3.0,3.0
Strength,1.85,993.0,2.0,2.0
Yoga,1.46,1699.0,4.0,2.0
Cardio,1.6,921.0,,2.0
HIIT,1.54,1382.0,5.0,2.0
Strength,1.62,1245.0,4.0,3.0
Yoga,0.73,1103.0,3.0,2.0
Cardio,1.49,663.0,3.0,2.0
Strength,1.95,925.0,3.0,1.0
Yoga,0.54,1266.0,4.0,2.0
Strength,1.43,1321.0,4.0,3.0
Strength,1.15,1177.0,4.0,3.0
HIIT,1.54,1226.0,3.0,2.0
Yoga,2.0,1724.0,3.0,1.0
Yoga,1.3,1382.0,2.0,2.0
Cardio,1.27,1287.0,2.0,3.0
Yoga,1.14,1045.0,3.0,2.0
HIIT,1.58,576.0,3.0,2.0
Cardio,1.34,806.0,2.0,1.0
Strength,1.11,1223.0,4.0,1.0
Strength,1.05,571.0,5.0,2.0
Yoga,1.99,1505.0,4.0,1.0
Cardio,2.0,453.0,2.0,2.0
Yoga,1.13,961.0,,1.0
HIIT,1.09,1305.0,2.0,1.0
Strength,1.34,812.0,4.0,1.0
Cardio,1.3,1171.0,3.0,2.0
HIIT,1.5,572.0,4.0,1.0
Strength,1.29,1021.0,3.0,3.0
HIIT,0.97,1531.0,3.0,3.0
Strength,0.82,829.0,3.0,2.0
Strength,1.38,887.0,2.0,3.0
Cardio,1.36,670.0,3.0,2.0
Cardio,1.51,955.0,4.0,2.0
Cardio,0.71,1305.0,2.0,1.0
Yoga,2.0,1747.0,4.0,2.0
HIIT,0.95,1234.0,,3.0
Yoga,1.48,1517.0,2.0,1.0
Strength,0.83,889.0,4.0,3.0
Strength,1.38,1355.0,3.0,1.0
Strength,1.92,984.0,4.0,3.0
Strength,1.04,1108.0,2.0,1.0
,1.59,1015.0,3.0,1.0
Strength,2.0,723.0,3.0,1.0
Cardio,1.2,697.0,4.0,1.0
HIIT,1.28,1272.0,3.0,1.0
HIIT,1.33,457.0,4.0,2.0
HIIT,1.41,1091.0,4.0,1.0
Cardio,1.48,781.0,3.0,1.0
Cardio,1.29,572.0,4.0,2.0
HIIT,2.0,717.0,4.0,1.0
HIIT,1.36,448.0,5.0,2.0
Strength,1.22,1631.0,4.0,2.0
HIIT,1.45,596.0,3.0,2.0
Cardio,1.01,1061.0,4.0,3.0
HIIT,1.07,770.0,3.0,2.0
Cardio,1.29,580.0,3.0,2.0
Strength,1.33,783.0,2.0,1.0
Strength,1.85,1113.0,3.0,
HIIT,1.96,809.0,3.0,1.0
Strength,2.0,830.0,4.0,3.0
Strength,1.04,1331.0,2.0,1.0
Cardio,1.22,1025.0,2.0,1.0
Cardio,1.41,384.0,3.0,1.0
Cardio,1.5,1057.0,2.0,2.0
HIIT,0.8,784.0,3.0,2.0
HIIT,1.21,1120.0,4.0,1.0
HIIT,1.53,914.0,3.0,2.0
Strength,,1257.0,3.0,3.0
Strength,1.94,1089.0,,2.0
,1.05,880.0,2.0,2.0
HIIT,1.0,865.0,3.0,1.0
Strength,1.21,1097.0,,1.0
Cardio,0.68,882.0,4.0,1.0
,1.07,,3.0,2.0
Cardio,1.15,1384.0,3.0,2.0
HIIT,1.16,1358.0,4.0,3.0
Yoga,1.76,1380.0,5.0,1.0
Cardio,1.32,400.0,4.0,2.0
Strength,1.33,1339.0,2.0,2.0
Strength,1.02,601.0,5.0,
HIIT,2.0,1283.0,,2.0
,1.96,555.0,3.0,2.0
Strength,1.57,716.0,5.0,1.0
Yoga,1.29,1556.0,2.0,3.0
Yoga,1.99,840.0,4.0,2.0
Cardio,0.97,667.0,4.0,1.0
HIIT,1.55,1249.0,3.0,3.0
HIIT,1.97,1783.0,4.0,3.0
Strength,1.46,1217.0,5.0,1.0
HIIT,1.71,1065.0,3.0,1.0
HIIT,1.26,966.0,2.0,1.0
HIIT,1.08,1262.0,4.0,1.0
HIIT,0.53,1662.0,3.0,1.0
HIIT,0.95,539.0,4.0,2.0
HIIT,0.77,589.0,2.0,3.0
Cardio,1.05,689.0,3.0,3.0
Cardio,0.75,622.0,2.0,1.0
\nStrength,1.24,665.0,2.0,2.0
HIIT,2.0,745.0,4.0,2.0
Strength,1.06,1246.0,2.0,2.0
Cardio,2.0,748.0,4.0,
Strength,1.43,957.0,4.0,1.0
Strength,1.24,1610.0,2.0,2.0
HIIT,1.94,901.0,4.0,2.0
Yoga,1.11,,4.0,3.0
,1.49,1213.0,2.0,1.0
Cardio,2.0,1172.0,2.0,2.0
HIIT,0.77,1259.0,4.0,2.0
HIIT,2.0,1119.0,2.0,1.0
Cardio,1.97,875.0,4.0,2.0
Yoga,1.11,1335.0,5.0,2.0
Strength,1.4,626.0,2.0,2.0
HIIT,1.85,1099.0,2.0,1.0
Cardio,1.59,1008.0,3.0,1.0
Yoga,1.38,1137.0,2.0,1.0
Strength,0.87,1177.0,3.0,3.0
HIIT,1.48,875.0,5.0,1.0
HIIT,1.24,399.0,3.0,1.0
,1.27,699.0,3.0,1.0
Strength,1.34,1197.0,3.0,3.0
Yoga,1.06,1421.0,4.0,2.0
Yoga,1.17,1783.0,3.0,2.0
HIIT,0.87,1709.0,4.0,3.0
Strength,1.56,1246.0,4.0,1.0
Cardio,2.0,957.0,4.0,2.0
Yoga,1.73,530.0,2.0,3.0
Strength,1.28,1262.0,4.0,2.0
Yoga,2.0,1042.0,2.0,3.0
HIIT,1.4,803.0,4.0,1.0
HIIT,2.0,933.0,2.0,1.0
Strength,1.47,1522.0,4.0,2.0
Strength,1.66,512.0,3.0,1.0
Yoga,1.48,785.0,4.0,2.0
HIIT,1.1,511.0,4.0,1.0
\tCardio,1.17,1186.0,3.0,3.0
Yoga,1.35,1043.0,4.0,3.0
Yoga,1.39,1053.0,4.0,1.0
Cardio,,871.0,2.0,3.0
HIIT,1.49,1032.0,5.0,2.0
Strength,1.34,1124.0,2.0,1.0
Strength,1.54,1066.0,2.0,2.0
Strength,1.3,958.0,3.0,2.0
Cardio,1.16,1092.0,4.0,3.0
HIIT,1.27,1783.0,4.0,3.0
Cardio,2.0,1107.0,3.0,3.0
Yoga,2.0,958.0,3.0,2.0
Strength,1.38,624.0,4.0,1.0
HIIT,1.57,1333.0,2.0,2.0
Cardio,0.96,912.0,3.0,2.0
Cardio,1.1,911.0,5.0,1.0
Strength,0.62,1596.0,2.0,1.0
Yoga,0.72,1006.0,4.0,2.0
Strength,1.42,1321.0,4.0,3.0
HIIT,1.22,1178.0,4.0,2.0
HIIT,1.55,1285.0,4.0,3.0
Cardio,1.7,903.0,4.0,2.0
Strength,1.49,704.0,4.0,2.0
Cardio,0.9,900.0,4.0,2.0
Cardio,1.1,872.0,4.0,1.0
Strength,1.23,1326.0,2.0,2.0
Cardio,1.44,801.0,5.0,2.0
Cardio,1.89,1277.0,2.0,2.0
Strength,1.55,1116.0,2.0,2.0
Strength,1.78,462.0,3.0,1.0
Strength,0.91,877.0,4.0,1.0
Strength,1.5,1200.0,4.0,3.0
Cardio,1.02,1033.0,4.0,1.0
HIIT,1.31,1078.0,3.0,1.0
Yoga,1.28,1064.0,3.0,2.0
Yoga,1.29,1355.0,4.0,3.0
Yoga,1.3,827.0,3.0,3.0
Yoga,1.59,1145.0,2.0,3.0
Strength,1.09,655.0,3.0,2.0
Yoga,1.1,969.0,2.0,1.0
Cardio,2.0,1418.0,2.0,1.0
Yoga,1.61,1631.0,3.0,1.0
Cardio,1.12,1515.0,3.0,2.0
HIIT,0.86,1071.0,3.0,1.0
Yoga,1.52,935.0,3.0,2.0
Strength,2.0,968.0,5.0,2.0
HIIT,1.52,990.0,3.0,1.0
Yoga,1.43,1573.0,4.0,1.0
Cardio,1.55,1545.0,3.0,1.0
Yoga,2.0,1417.0,4.0,2.0
Cardio,1.73,1538.0,3.0,1.0
Cardio,1.38,810.0,3.0,1.0
Yoga,1.82,693.0,4.0,1.0
Cardio,1.37,1081.0,5.0,3.0
Strength,1.31,514.0,3.0,2.0
,1.32,1002.0,5.0,1.0
Yoga,2.0,947.0,5.0,1.0
HIIT,1.67,954.0,3.0,3.0
HIIT,1.51,1376.0,2.0,3.0
Strength,2.0,1032.0,5.0,1.0
Strength,1.43,911.0,3.0,2.0
Strength,2.0,1231.0,4.0,1.0
Strength,1.04,807.0,3.0,1.0
HIIT,1.32,1017.0,4.0,2.0
Cardio,0.94,1303.0,3.0,2.0
HIIT,1.43,984.0,3.0,1.0
Yoga,1.33,1589.0,2.0,1.0
\nStrength,1.35,1216.0,5.0,2.0
\tYoga,2.0,1078.0,2.0,1.0
Cardio,1.22,1188.0,2.0,2.0
HIIT,0.9,645.0,2.0,1.0
HIIT,1.25,1376.0,3.0,1.0
Strength,2.0,1410.0,5.0,2.0
HIIT,1.06,811.0,2.0,3.0
Strength,1.43,303.0,2.0,3.0
Yoga,1.87,681.0,2.0,2.0
Yoga,0.94,1253.0,3.0,1.0
HIIT,0.58,1172.0,4.0,2.0
HIIT,1.19,979.0,4.0,2.0
HIIT,2.0,1783.0,4.0,2.0
Yoga,1.3,1562.0,3.0,3.0
,0.72,1119.0,4.0,3.0
Strength,1.6,303.0,3.0,1.0
Strength,1.19,1090.0,3.0,3.0
Yoga,1.3,,4.0,2.0
Strength,0.93,1075.0,4.0,1.0
Cardio,1.48,692.0,5.0,1.0
HIIT,1.91,1025.0,2.0,2.0
Yoga,1.36,1419.0,2.0,2.0
Yoga,2.0,1445.0,,1.0
Cardio,2.0,538.0,2.0,1.0
Cardio,1.43,1338.0,5.0,1.0
HIIT,1.09,1196.0,2.0,1.0
Strength,1.32,760.0,5.0,2.0
Yoga,1.63,1249.0,4.0,3.0
Cardio,1.23,1148.0,3.0,2.0
Yoga,0.91,1042.0,5.0,2.0
Strength,0.95,837.0,5.0,2.0
Yoga,1.98,1036.0,4.0,1.0
Yoga,1.32,909.0,4.0,2.0
Yoga,1.31,1268.0,2.0,1.0
Yoga,1.45,1308.0,3.0,2.0
Strength,1.43,839.0,4.0,1.0
Strength,1.63,1183.0,4.0,2.0
Cardio,1.57,1452.0,3.0,1.0
Strength,1.45,1000.0,2.0,3.0
Strength,1.32,1362.0,2.0,2.0
Cardio,1.29,1357.0,3.0,2.0
Cardio,1.37,949.0,4.0,2.0
Strength,1.39,644.0,2.0,1.0
Cardio,1.24,1144.0,2.0,1.0
Cardio,1.27,1398.0,5.0,3.0
HIIT,1.1,567.0,4.0,1.0
Strength,1.33,1213.0,2.0,2.0
Strength,1.38,1458.0,3.0,3.0
HIIT,1.13,636.0,2.0,1.0
HIIT,1.59,1638.0,3.0,2.0
HIIT,1.13,1356.0,3.0,3.0
Strength,0.98,1293.0,2.0,1.0
Yoga,1.32,1108.0,3.0,2.0
Cardio,1.4,1183.0,2.0,1.0
Strength,1.53,1419.0,4.0,2.0
Strength,1.65,1647.0,,
Yoga,1.32,1191.0,,2.0
HIIT,1.3,1215.0,3.0,1.0
Yoga,1.13,,3.0,3.0
HIIT,0.76,998.0,4.0,1.0
Cardio,2.0,717.0,2.0,2.0
HIIT,1.35,1447.0,4.0,1.0
HIIT,1.19,650.0,4.0,1.0
Strength,1.55,640.0,4.0,2.0
Strength,1.26,763.0,2.0,2.0
Cardio,1.68,769.0,3.0,3.0
Strength,1.12,1244.0,3.0,3.0
Cardio,1.34,1015.0,2.0,3.0
Strength,1.61,1411.0,2.0,2.0
Cardio,1.87,1037.0,2.0,
HIIT,1.04,593.0,4.0,2.0
HIIT,1.06,1252.0,3.0,2.0
HIIT,1.26,1144.0,4.0,2.0
Strength,2.0,1196.0,3.0,1.0
Strength,2.0,957.0,2.0,2.0
Cardio,0.87,853.0,3.0,2.0
Yoga,0.68,1257.0,5.0,2.0
Cardio,1.48,1330.0,3.0,2.0
Yoga,1.16,995.0,3.0,2.0
Cardio,1.38,1047.0,3.0,3.0
Cardio,0.65,1105.0,2.0,2.0
Cardio,1.99,895.0,5.0,1.0
Strength,1.74,640.0,3.0,1.0
Cardio,1.49,859.0,2.0,2.0
HIIT,1.34,1179.0,5.0,2.0
Yoga,1.39,1350.0,5.0,2.0
Strength,0.88,540.0,4.0,2.0
Strength,1.53,466.0,2.0,3.0
Strength,1.08,576.0,2.0,3.0
Cardio,1.78,1246.0,3.0,2.0
HIIT,0.93,1028.0,3.0,2.0
HIIT,2.0,1580.0,4.0,2.0
Strength,0.99,1215.0,4.0,2.0
Strength,0.89,456.0,3.0,2.0
Cardio,1.12,817.0,2.0,1.0
Yoga,1.04,1783.0,4.0,2.0
Yoga,1.49,808.0,3.0,1.0
Yoga,2.0,1336.0,4.0,1.0
Cardio,0.94,836.0,4.0,2.0
Strength,0.91,1090.0,3.0,2.0
HIIT,0.9,771.0,3.0,3.0
Cardio,1.1,1298.0,2.0,3.0
Cardio,1.53,684.0,4.0,2.0
HIIT,1.88,695.0,3.0,2.0
Yoga,2.0,1093.0,3.0,3.0
HIIT,2.0,1182.0,3.0,1.0
HIIT,1.79,1730.0,5.0,1.0
Strength,1.24,1632.0,4.0,2.0
Strength,1.66,872.0,4.0,1.0
Yoga,1.28,595.0,2.0,2.0
Yoga,1.57,1113.0,3.0,3.0
Strength,1.38,1099.0,,1.0
Strength,1.16,717.0,4.0,3.0
HIIT,1.5,750.0,4.0,2.0
Yoga,1.46,988.0,2.0,1.0
Strength,2.0,1743.0,,1.0
,1.41,1217.0,2.0,1.0
Yoga,1.33,1084.0,3.0,
Yoga,1.59,1166.0,4.0,1.0
,1.49,1263.0,2.0,2.0
HIIT,1.2,,3.0,3.0
Cardio,2.0,1783.0,4.0,1.0
Yoga,0.65,499.0,3.0,2.0
Cardio,1.82,1186.0,2.0,1.0
Strength,0.92,1378.0,4.0,1.0
HIIT,2.0,1113.0,4.0,1.0
Strength,1.45,1004.0,3.0,1.0
Strength,1.52,1095.0,5.0,2.0
Cardio,0.99,781.0,3.0,1.0
Yoga,0.54,874.0,3.0,2.0
HIIT,1.5,1057.0,3.0,1.0
Yoga,1.18,930.0,3.0,1.0
Yoga,1.41,800.0,3.0,2.0
Cardio,1.07,913.0,5.0,3.0
Strength,1.2,303.0,3.0,1.0
Yoga,,907.0,4.0,1.0
Yoga,1.95,859.0,3.0,2.0
HIIT,1.01,694.0,5.0,2.0
Yoga,0.73,352.0,3.0,2.0
Cardio,1.24,953.0,3.0,2.0
HIIT,1.3,1286.0,3.0,2.0
Yoga,,582.0,4.0,1.0
HIIT,0.92,760.0,5.0,2.0
Strength,1.01,1274.0,3.0,3.0
Yoga,2.0,859.0,3.0,2.0
Yoga,1.4,979.0,2.0,2.0
Strength,1.48,1002.0,3.0,1.0
Yoga,0.91,1262.0,4.0,2.0
Cardio,1.82,314.0,4.0,3.0
Cardio,1.33,1126.0,2.0,2.0
Yoga,1.66,1553.0,2.0,2.0
Yoga,1.01,503.0,,1.0
Yoga,1.19,1329.0,4.0,2.0
Strength,1.26,325.0,5.0,3.0
Strength,2.0,1062.0,3.0,1.0
HIIT,1.33,804.0,4.0,2.0
Strength,1.25,645.0,4.0,1.0
Yoga,1.13,462.0,2.0,
Cardio,0.95,798.0,4.0,2.0
Strength,2.0,1662.0,4.0,2.0
Strength,1.14,1263.0,5.0,1.0
Yoga,1.16,1499.0,4.0,1.0
Cardio,1.59,649.0,3.0,2.0
Cardio,1.21,1524.0,3.0,2.0
Strength,0.55,1222.0,3.0,1.0
Cardio,1.03,1370.0,2.0,1.0
Cardio,1.25,988.0,3.0,2.0
Yoga,2.0,918.0,4.0,2.0
,1.05,810.0,2.0,2.0
Strength,1.42,501.0,4.0,1.0
Strength,1.28,800.0,2.0,2.0
Cardio,1.85,1590.0,3.0,2.0
HIIT,1.42,901.0,5.0,1.0
Strength,1.42,761.0,3.0,1.0
Cardio,1.54,1389.0,2.0,1.0
Strength,1.28,1030.0,3.0,2.0
Strength,1.28,1556.0,2.0,3.0
Yoga,1.66,1345.0,2.0,1.0
Yoga,1.35,967.0,4.0,2.0
HIIT,2.0,913.0,3.0,2.0
Yoga,1.39,1135.0,3.0,2.0
Yoga,1.0,887.0,2.0,3.0
Yoga,2.0,1109.0,2.0,1.0
HIIT,0.87,922.0,2.0,1.0
HIIT,1.37,787.0,3.0,1.0
Strength,1.44,1628.0,4.0,1.0
,0.7,1067.0,2.0,1.0
\tCardio,2.0,1266.0,3.0,1.0
,,1327.0,3.0,2.0
Strength,,1006.0,4.0,2.0
Yoga,1.25,672.0,3.0,1.0
Strength,1.08,1783.0,,1.0
HIIT,1.16,700.0,2.0,2.0
Cardio,1.22,1254.0,4.0,1.0
Strength,2.0,905.0,3.0,2.0
Yoga,1.41,733.0,2.0,2.0
Yoga,0.83,1018.0,3.0,1.0
Strength,1.53,629.0,4.0,1.0
Cardio,1.08,1218.0,4.0,2.0
Cardio,1.5,1130.0,5.0,3.0
Strength,1.21,1115.0,2.0,3.0
Yoga,2.0,1068.0,5.0,2.0
Yoga,1.14,1083.0,5.0,2.0
Yoga,1.06,1032.0,3.0,3.0
HIIT,2.0,1179.0,5.0,3.0
Strength,1.37,848.0,3.0,1.0
Strength,1.4,1259.0,3.0,2.0
Strength,1.46,635.0,2.0,3.0
Cardio,1.86,906.0,4.0,2.0
Cardio,0.98,773.0,2.0,2.0
,1.27,903.0,4.0,1.0
Strength,0.86,875.0,2.0,1.0
Cardio,1.66,1163.0,4.0,2.0
Cardio,2.0,916.0,2.0,1.0
Strength,2.0,843.0,3.0,3.0
HIIT,1.19,1705.0,4.0,1.0
Cardio,1.45,1269.0,4.0,3.0
Cardio,1.42,562.0,3.0,1.0
Cardio,1.93,1010.0,3.0,1.0
Yoga,0.94,739.0,4.0,2.0
Yoga,1.4,749.0,4.0,2.0
HIIT,2.0,1338.0,3.0,
HIIT,1.92,1102.0,2.0,3.0
HIIT,1.4,562.0,5.0,1.0
HIIT,1.84,822.0,5.0,2.0
Yoga,1.62,877.0,2.0,2.0
Cardio,1.58,409.0,5.0,2.0
HIIT,1.38,1369.0,3.0,1.0
HIIT,2.0,1434.0,4.0,2.0
Strength,0.97,598.0,2.0,1.0
Yoga,1.87,879.0,4.0,1.0
Strength,1.33,1338.0,2.0,2.0
Cardio,1.16,1783.0,3.0,3.0
Strength,1.38,1185.0,,2.0
Yoga,0.72,1221.0,2.0,2.0
Yoga,1.99,1081.0,2.0,2.0
Yoga,1.89,1010.0,2.0,2.0
Yoga,1.59,635.0,4.0,3.0
HIIT,1.3,1208.0,3.0,2.0
Yoga,1.6,1350.0,4.0,1.0
Strength,1.01,662.0,4.0,1.0
Strength,1.36,594.0,5.0,2.0
HIIT,0.61,985.0,3.0,2.0
Yoga,1.64,765.0,4.0,2.0
HIIT,1.3,775.0,4.0,1.0
HIIT,1.06,1503.0,2.0,2.0
HIIT,1.48,666.0,5.0,1.0
Strength,1.07,904.0,2.0,3.0
Cardio,1.34,685.0,3.0,1.0
Cardio,1.6,1059.0,2.0,2.0
Cardio,1.46,1222.0,3.0,1.0
Yoga,0.99,777.0,3.0,1.0
Cardio,0.92,819.0,5.0,1.0
,1.99,1485.0,4.0,1.0
Cardio,1.32,730.0,2.0,3.0
Yoga,2.0,935.0,2.0,3.0
HIIT,1.41,962.0,5.0,2.0
Strength,1.05,,4.0,3.0
Cardio,1.48,717.0,2.0,3.0
HIIT,1.9,1190.0,2.0,2.0
Cardio,1.07,1562.0,4.0,2.0
HIIT,1.79,636.0,4.0,3.0
Cardio,1.5,1132.0,4.0,3.0
Cardio,1.42,705.0,4.0,2.0
Strength,2.0,1096.0,3.0,1.0
HIIT,1.63,1192.0,5.0,2.0
Strength,1.06,990.0,3.0,2.0
HIIT,1.21,893.0,3.0,3.0
Yoga,2.0,998.0,4.0,1.0
,0.97,1005.0,4.0,2.0
Strength,1.16,861.0,5.0,
HIIT,1.27,1479.0,3.0,1.0
Yoga,2.0,1734.0,3.0,1.0
Cardio,2.0,1403.0,2.0,2.0
Cardio,1.44,1436.0,3.0,2.0
Strength,1.47,,2.0,3.0
Yoga,1.13,841.0,4.0,3.0
Strength,0.71,1196.0,4.0,2.0
Yoga,1.39,542.0,3.0,1.0
Yoga,2.0,1023.0,2.0,1.0
Cardio,0.52,1262.0,3.0,2.0
Strength,1.24,700.0,4.0,1.0
Strength,1.16,1204.0,2.0,2.0
HIIT,1.51,1005.0,2.0,1.0
Cardio,1.17,760.0,4.0,2.0
Strength,1.01,1128.0,2.0,2.0
HIIT,2.0,1005.0,3.0,2.0
Strength,1.52,1256.0,2.0,2.0
Yoga,1.69,475.0,4.0,1.0
Yoga,1.15,549.0,,
HIIT,1.19,1064.0,3.0,1.0
Yoga,1.32,1169.0,4.0,1.0
Cardio,1.43,1157.0,,1.0
HIIT,1.17,1102.0,3.0,2.0
Cardio,1.43,1343.0,4.0,1.0
Strength,1.3,1068.0,3.0,3.0
HIIT,1.82,1297.0,3.0,1.0
Cardio,1.1,897.0,2.0,1.0
Strength,1.45,1117.0,3.0,1.0
Cardio,1.88,858.0,5.0,
Strength,1.08,578.0,2.0,1.0
HIIT,2.0,1196.0,2.0,1.0
HIIT,1.0,1316.0,2.0,3.0
Cardio,1.2,1317.0,3.0,1.0
HIIT,1.07,1218.0,4.0,
Cardio,1.33,1178.0,3.0,2.0
Yoga,2.0,1757.0,,2.0
Strength,1.18,850.0,3.0,2.0
HIIT,1.15,823.0,3.0,1.0
Strength,1.39,854.0,5.0,1.0
Cardio,1.29,405.0,4.0,2.0
Yoga,0.76,1186.0,2.0,2.0
Strength,2.0,931.0,3.0,2.0
HIIT,1.4,1348.0,,2.0
Cardio,1.24,1483.0,3.0,1.0
Strength,2.0,997.0,4.0,2.0
Cardio,1.59,708.0,2.0,2.0
HIIT,0.95,366.0,3.0,2.0
Strength,0.62,1412.0,3.0,1.0
Yoga,1.4,1271.0,2.0,2.0
Yoga,1.29,1140.0,5.0,1.0
Yoga,2.0,832.0,3.0,1.0
HIIT,0.99,780.0,4.0,2.0
Cardio,1.52,1454.0,3.0,1.0
Yoga,2.0,1243.0,4.0,3.0
Cardio,1.55,1199.0,4.0,1.0
HIIT,1.35,532.0,3.0,2.0
HIIT,0.8,911.0,5.0,1.0
Strength,1.11,1090.0,2.0,2.0
Yoga,1.29,1187.0,5.0,3.0
Strength,1.33,1783.0,5.0,3.0
HIIT,2.0,1162.0,2.0,1.0
Cardio,1.44,1210.0,4.0,2.0
Yoga,1.86,900.0,2.0,2.0
HIIT,1.11,1388.0,3.0,2.0
HIIT,0.77,1367.0,3.0,2.0
Strength,1.2,1261.0,3.0,2.0
Cardio,1.04,956.0,4.0,3.0
Strength,1.29,1178.0,4.0,1.0
